<?xml version="1.0" encoding="utf-8" ?>
<filelist>
	<file>
		<name>MP3.txt</name>
		<description>FAQ on the compression algorithm used in MPEG-2 audio encoding.</description>
	</file>
	<file>
		<name>Vinay.txt</name>
		<description>This is the best file in the world.</description>
	</file>
	<file>
		<name>test1.txt</name>
		<description>This is the ultimate test file1.</description>
	</file>
	<file>
		<name>test4.txt</name>
		<description>This is the ultimate test file4.</description>
	</file>
	<file>
		<name>test3.txt</name>
		<description>This is the ultimate test file3.</description>
	</file>
</filelist>
